{"sections":{"ae937512-13e0-47d9-b14f-035e4e9813d1":{"type":"section-slideshow-v1","blocks":{"template--20586748707113__ae937512-13e0-47d9-b14f-035e4e9813d1-slideshow-1":{"type":"slideshow","settings":{"select_position_content":"left","select_textalign_content":"left","block_title_top1":"Welcome to the home of <br> Christian Artist","color_block_title_top1":"#ba7a2d","font_size_top1":14,"fonts_sub_1":"","effect_title1":"bounce","block_title_top":"Amy Schultz","color_block_title_top":"#2c2c2c","font_size_title_top":64,"fonts_title_top":"Playfair Display","effect_title":"bounce","block_title_top2":"I'm so inpiried you're here, God Bless!","color_block_title_top2":"#6d7178","font_size_top2":16,"fonts_sub_2":"","effect_title2":"bounce","block_buton":"See Collections","bg_button":"#ba7a2d","color_block_button":"#ffffff","font_size_button":14,"fonts_button":"","color_hover_button":"#956224","color_hover_text":"#ffffff","block_url":"shopify:\/\/collections\/all","effect_title3":"bounce","ena_slide_video":true,"url_ytb_video":"<iframe src=\"https:\/\/player.vimeo.com\/video\/856929010?autoplay=1&loop=1&muted=1\" frameborder=\"0\" allow=\"autoplay; fullscreen; picture-in-picture\" allowfullscreen style=\"display:block; width:100%; height:100vh; border:none; margin:0 auto; padding:0; overflow:hidden; max-width: 100vw;\">\n<\/iframe>"}},"template--20586748707113__ae937512-13e0-47d9-b14f-035e4e9813d1-slideshow-2":{"type":"slideshow","disabled":true,"settings":{"select_position_content":"left","select_textalign_content":"left","block_title_top1":"Up to 15% off","color_block_title_top1":"#ba7a2d","font_size_top1":14,"fonts_sub_1":"","effect_title1":"bounce","block_title_top":"Eye Shoulder <br> Bag RFID","color_block_title_top":"#2c2c2c","font_size_title_top":64,"fonts_title_top":"Playfair Display","effect_title":"bounce","block_title_top2":"A shoulder bag that was made to be seen, the Eye has a <br> beautiful, classic style that features blinks.","color_block_title_top2":"#6d7178","font_size_top2":16,"fonts_sub_2":"","effect_title2":"bounce","block_buton":"Shop now","bg_button":"#ba7a2d","color_block_button":"#ffffff","font_size_button":14,"fonts_button":"","color_hover_button":"#956224","color_hover_text":"#ffffff","block_url":"shopify:\/\/collections\/all","effect_title3":"bounce","ena_slide_video":false,"url_ytb_video":""}}},"block_order":["template--20586748707113__ae937512-13e0-47d9-b14f-035e4e9813d1-slideshow-1","template--20586748707113__ae937512-13e0-47d9-b14f-035e4e9813d1-slideshow-2"],"custom_css":[],"settings":{"margin_top":"","margin_bottom":""}},"165329258004faee6c":{"type":"section-banner-v3","disabled":true,"settings":{"title_banner1":"Spring Sale","sub_title1":"Up To 50%","button_banner1":"Shop Now","url_button_banner1":"shopify:\/\/collections\/featured-works","banner_img2":"shopify:\/\/shop_images\/Living-Waters-in-Bedrrom-Art.jpg","title_banner2":"New Arrival Sale","sub_title2":"Up To 30%","button_banner2":"Shop now","url_button_banner2":"shopify:\/\/collections\/all","title_banner3":"Take the Last sale","sub_title3":"Up To 40%","button_banner3":"Shop now","url_button_banner3":"shopify:\/\/collections\/all","margin_top":"","margin_bottom":""}},"165329268090ea5e5a":{"type":"section-product-v3","blocks":{"16532926803db41db1-0":{"type":"tab","settings":{"tab_title":"Featured","tab_collection":"featured-works","tab_limit":8}},"16532926803db41db1-1":{"type":"tab","settings":{"tab_title":"Latest","tab_collection":"latest","tab_limit":8}},"16532926803db41db1-2":{"type":"tab","settings":{"tab_title":"Top Rating","tab_collection":"top-rating","tab_limit":8}}},"block_order":["16532926803db41db1-0","16532926803db41db1-1","16532926803db41db1-2"],"settings":{"sub_title":"Welcome to my art haven","section_title":"Check out my latest creations!","margin_top":"","margin_bottom":""}},"165329276426623ce6":{"type":"section-banner-v6","disabled":true,"settings":{"title_banner":"Save <span>20%<\/span> with VIP package","subtitle_banner":"Many offers, discounts and shipping when you <br> use the vip package.","btn_banner":"See more","url_btn":"shopify:\/\/collections\/all","margin_top":"","margin_bottom":""}},"16532928199c1cec34":{"type":"section-product-v5","disabled":true,"settings":{"section_title":"Top Rating","desc_content":"","select_collection":"top-rating","products_limit":6,"margin_top":"","margin_bottom":""}},"16532938680a913bd9":{"type":"section-testimonial-v2","blocks":{"16532938683479c0f5-0":{"type":"testimonial","settings":{"block_content":"“ The canvas art I ordered from Amy <br>Schultz radiates warmth and beauty, <br>becoming an instant centerpiece in my living room. ”","block_name":"Annette Black"}},"16532938683479c0f5-1":{"type":"testimonial","settings":{"block_content":"“ Amy Schultz's canvas piece is a true <br>testament to her remarkable talent, <br>elevating the ambiance of my space. ”","block_name":"Marvin McKinney"}},"16532938683479c0f5-2":{"type":"testimonial","settings":{"block_content":"“Every detail of the canvas art <br>from Amy Schultz reflects craftsmanship and<br> passion, making it a cherished addition to my home.”","block_name":"Devon Lane"}},"16532938683479c0f5-3":{"type":"testimonial","disabled":true,"settings":{"block_content":"“ Fantastic makeup, went on great and I felt so much better protected all day! Would recommend to anyone. ”","block_name":"Jonh Mery"}}},"block_order":["16532938683479c0f5-0","16532938683479c0f5-1","16532938683479c0f5-2","16532938683479c0f5-3"],"settings":{"display_bg":"bg_color","bg_color":"rgba(0,0,0,0)","sub_title":"Amy Schultz Art Customer","section_title":"testimonials","desc_content":"","margin_top":"","margin_bottom":""}},"1653270743f017a684":{"type":"section-service-v1","blocks":{"1653270743915723d6-0":{"type":"service","settings":{"icon_svg":"<svg width=\"56\" height=\"56\" viewbox=\"0 0 56 56\" fill=\"none\" xmlns=\"http:\/\/www.w3.org\/2000\/svg\">\n<g clip-path=\"url(#clip0_1196_1519)\">\n<path d=\"M5.61543 5.28038C5.61543 4.80579 6.00021 4.42101 6.4748 4.42101H17.9626C18.4372 4.42101 18.822 4.80579 18.822 5.28038C18.822 5.75497 18.4372 6.13976 17.9626 6.13976H6.4748C6.00021 6.13976 5.61543 5.75497 5.61543 5.28038ZM55.5 16.42V38.6995C55.5 39.0066 55.3363 39.2903 55.0703 39.4438L35.7757 50.5835C35.6429 50.6602 35.4944 50.6987 35.346 50.6987C35.1977 50.6987 35.0492 50.6603 34.9164 50.5835L15.8213 39.5588H1.35938C0.884785 39.5588 0.5 39.174 0.5 38.6994C0.5 38.2248 0.884785 37.8401 1.35938 37.8401H15.1921V28.4192H6.4748C6.00021 28.4192 5.61543 28.0344 5.61543 27.5598C5.61543 27.0852 6.00021 26.7004 6.4748 26.7004H15.1921V17.2794H1.35938C0.884785 17.2794 0.5 16.8946 0.5 16.42C0.5 15.9454 0.884785 15.5607 1.35938 15.5607H15.8212L32.1388 6.13965H24.4193C23.9447 6.13965 23.5599 5.75486 23.5599 5.28027C23.5599 4.80568 23.9447 4.4209 24.4193 4.4209H35.346C35.4969 4.4209 35.6451 4.46064 35.7757 4.53605L55.0703 15.6758C55.3363 15.8293 55.5 16.113 55.5 16.42ZM16.9108 38.2033L34.4867 48.3508V28.056L29.3559 25.0937L29.3558 32.3784C29.3558 32.6854 29.1921 32.9691 28.9261 33.1226C28.7932 33.1993 28.6447 33.2378 28.4964 33.2378C28.348 33.2378 28.1996 33.1994 28.0667 33.1226L22.4713 29.8921C22.2053 29.7386 22.0416 29.4549 22.0416 29.1479V20.8708L16.9107 17.9086V38.2033H16.9108ZM28.4965 22.6129L46.0724 12.4655L42.1957 10.2273L24.6199 20.3747L28.4965 22.6129ZM23.7604 21.8631V28.6517L27.637 30.8899L27.6371 24.1013L23.7604 21.8631ZM52.9219 16.42L47.7911 13.4578L30.2151 23.6052L35.346 26.5674L52.9219 16.42ZM35.346 6.27264L17.7702 16.42L22.9011 19.3823L40.4769 9.2349L35.346 6.27264ZM53.7812 38.2035V17.9085L36.2054 28.056V48.3508L53.7812 38.2035Z\" fill=\"#2C2C2C\"><\/path>\n<\/g>\n<defs>\n<clippath id=\"clip0_1196_1519\">\n<rect width=\"55\" height=\"55\" fill=\"white\" transform=\"translate(0.5 0.0600586)\"><\/rect>\n<\/clippath>\n<\/defs>\n<\/svg>","block_title":"Fast Delivery","block_content":"All orders of $120 or more of eligible"}},"1653270743915723d6-1":{"type":"service","settings":{"icon_svg":"<svg width=\"56\" height=\"56\" viewbox=\"0 0 56 56\" fill=\"none\" xmlns=\"http:\/\/www.w3.org\/2000\/svg\">\n<path d=\"M53.1962 29.5305L42.5279 18.8623C42.2891 18.6219 42.0049 18.4314 41.6919 18.3017C41.3788 18.172 41.0432 18.1058 40.7043 18.1069H25.948V19.8256H30.2449V32.7162H31.9636V19.8256H40.7043C40.8173 19.8255 40.9292 19.8477 41.0336 19.8909C41.138 19.9341 41.2329 19.9975 41.3128 20.0774L42.7797 21.5444H38.8386C38.3828 21.5444 37.9456 21.7255 37.6233 22.0478C37.301 22.3701 37.1199 22.8073 37.1199 23.2631V30.9975C37.1199 31.4533 37.301 31.8905 37.6233 32.2128C37.9456 32.5352 38.3828 32.7162 38.8386 32.7162H51.7292V39.5913C51.7292 39.8192 51.6387 40.0378 51.4775 40.1989C51.3164 40.3601 51.0978 40.4506 50.8699 40.4506H49.0824C48.8769 39.0199 48.1625 37.7112 47.0702 36.7645C45.9779 35.8179 44.5809 35.2968 43.1355 35.2968C41.6901 35.2968 40.2931 35.8179 39.2008 36.7645C38.1085 37.7112 37.3941 39.0199 37.1886 40.4506H25.0199C24.8144 39.0199 24.1 37.7112 23.0077 36.7645C21.9154 35.8179 20.5184 35.2968 19.073 35.2968C17.6276 35.2968 16.2306 35.8179 15.1383 36.7645C14.046 37.7112 13.3316 39.0199 13.1261 40.4506H11.3386C11.1107 40.4506 10.8921 40.3601 10.731 40.1989C10.5698 40.0378 10.4792 39.8192 10.4792 39.5913V31.8569H8.7605V39.5913C8.7605 40.275 9.03212 40.9308 9.51561 41.4143C9.99911 41.8978 10.6549 42.1694 11.3386 42.1694H13.1261C13.3137 43.4761 13.9272 44.6844 14.8715 45.6069H1.8855V47.3256H43.1355C44.5805 47.3229 45.9764 46.8005 47.0682 45.8538C48.16 44.9072 48.8749 43.5994 49.0824 42.1694H50.8699C51.5536 42.1694 52.2094 41.8978 52.6929 41.4143C53.1764 40.9308 53.448 40.275 53.448 39.5913V30.1381C53.448 29.9102 53.3574 29.6917 53.1962 29.5305ZM14.7761 41.31C14.7761 40.4602 15.0281 39.6294 15.5003 38.9228C15.9724 38.2162 16.6435 37.6654 17.4287 37.3402C18.2138 37.015 19.0778 36.9299 19.9113 37.0957C20.7448 37.2615 21.5104 37.6707 22.1113 38.2717C22.7123 38.8726 23.1215 39.6382 23.2873 40.4717C23.4531 41.3052 23.368 42.1692 23.0428 42.9543C22.7176 43.7395 22.1668 44.4106 21.4602 44.8827C20.7536 45.3549 19.9228 45.6069 19.073 45.6069C17.9338 45.6055 16.8417 45.1524 16.0362 44.3468C15.2306 43.5413 14.7775 42.4492 14.7761 41.31ZM23.2745 45.6069C24.2188 44.6844 24.8323 43.4761 25.0199 42.1694H37.1886C37.3762 43.4761 37.9897 44.6844 38.934 45.6069H23.2745ZM43.1355 45.6069C42.2857 45.6069 41.4549 45.3549 40.7483 44.8827C40.0417 44.4106 39.4909 43.7395 39.1657 42.9543C38.8405 42.1692 38.7554 41.3052 38.9212 40.4717C39.087 39.6382 39.4962 38.8726 40.0971 38.2717C40.6981 37.6707 41.4637 37.2615 42.2972 37.0957C43.1307 36.9299 43.9947 37.015 44.7798 37.3402C45.565 37.6654 46.2361 38.2162 46.7082 38.9228C47.1804 39.6294 47.4324 40.4602 47.4324 41.31C47.431 42.4492 46.9779 43.5413 46.1723 44.3468C45.3668 45.1524 44.2747 45.6055 43.1355 45.6069ZM38.8386 30.9975V23.2631H44.4985L51.7292 30.4939V30.9975H38.8386Z\" fill=\"#2C2C2C\"><\/path>\n<path d=\"M19.9324 40.4507H18.2136V42.1695H19.9324V40.4507Z\" fill=\"#2C2C2C\"><\/path>\n<path d=\"M43.9949 40.4507H42.2761V42.1695H43.9949V40.4507Z\" fill=\"#2C2C2C\"><\/path>\n<path d=\"M6.18237 37.8726H1.8855V39.5914H6.18237V37.8726Z\" fill=\"#2C2C2C\"><\/path>\n<path d=\"M6.18237 34.4351H3.60425V36.1538H6.18237V34.4351Z\" fill=\"#2C2C2C\"><\/path>\n<path d=\"M6.18237 30.9976H4.46362V32.7163H6.18237V30.9976Z\" fill=\"#2C2C2C\"><\/path>\n<path d=\"M13.0574 30.1382C15.267 30.1382 17.4269 29.483 19.2641 28.2554C21.1013 27.0278 22.5333 25.283 23.3788 23.2416C24.2244 21.2002 24.4457 18.9539 24.0146 16.7868C23.5835 14.6197 22.5195 12.629 20.9571 11.0666C19.3947 9.50419 17.404 8.44017 15.2369 8.0091C13.0698 7.57803 10.8235 7.79927 8.78208 8.64485C6.74069 9.49042 4.99588 10.9223 3.7683 12.7595C2.54072 14.5968 1.8855 16.7567 1.8855 18.9663C1.88891 21.9282 3.06704 24.7678 5.16143 26.8622C7.25583 28.9566 10.0955 30.1348 13.0574 30.1382ZM13.0574 9.51319C14.927 9.51319 16.7547 10.0676 18.3092 11.1063C19.8638 12.145 21.0754 13.6214 21.7909 15.3488C22.5064 17.0761 22.6936 18.9768 22.3289 20.8105C21.9641 22.6442 21.0638 24.3286 19.7417 25.6507C18.4197 26.9727 16.7353 27.873 14.9016 28.2378C13.0679 28.6025 11.1672 28.4153 9.43982 27.6998C7.71249 26.9844 6.23611 25.7727 5.19739 24.2182C4.15866 22.6636 3.60425 20.836 3.60425 18.9663C3.6072 16.4601 4.60411 14.0574 6.37627 12.2852C8.14843 10.513 10.5512 9.51614 13.0574 9.51319Z\" fill=\"#2C2C2C\"><\/path>\n<path d=\"M13.0574 26.7007C13.2853 26.7007 13.5038 26.6101 13.665 26.4489C14.2184 25.8955 19.073 20.9343 19.073 17.2476C19.073 15.6522 18.4392 14.1221 17.3111 12.9939C16.1829 11.8658 14.6528 11.232 13.0574 11.232C11.4619 11.232 9.93183 11.8658 8.80368 12.9939C7.67554 14.1221 7.04175 15.6522 7.04175 17.2476C7.04175 20.9343 11.8964 25.8955 12.4498 26.4489C12.6109 26.6101 12.8295 26.7007 13.0574 26.7007ZM13.0574 12.9507C14.1966 12.9521 15.2887 13.4052 16.0942 14.2108C16.8997 15.0163 17.3529 16.1084 17.3542 17.2476C17.3542 19.4528 14.6498 22.8602 13.0574 24.5961C11.465 22.8602 8.7605 19.4528 8.7605 17.2476C8.76186 16.1084 9.21501 15.0163 10.0205 14.2108C10.8261 13.4052 11.9182 12.9521 13.0574 12.9507Z\" fill=\"#2C2C2C\"><\/path>\n<path d=\"M15.6355 17.2476C15.6355 16.7377 15.4843 16.2392 15.201 15.8153C14.9177 15.3913 14.5151 15.0608 14.044 14.8657C13.5729 14.6706 13.0545 14.6195 12.5544 14.719C12.0543 14.8185 11.5949 15.064 11.2344 15.4246C10.8738 15.7851 10.6283 16.2445 10.5288 16.7446C10.4293 17.2447 10.4804 17.7631 10.6755 18.2342C10.8706 18.7053 11.2011 19.1079 11.625 19.3912C12.049 19.6745 12.5475 19.8257 13.0574 19.8257C13.7411 19.8257 14.3969 19.5541 14.8804 19.0706C15.3639 18.5871 15.6355 17.9313 15.6355 17.2476ZM12.198 17.2476C12.198 17.0776 12.2484 16.9115 12.3428 16.7701C12.4372 16.6288 12.5715 16.5187 12.7285 16.4536C12.8855 16.3886 13.0583 16.3716 13.225 16.4047C13.3917 16.4379 13.5448 16.5197 13.665 16.6399C13.7852 16.7601 13.8671 16.9132 13.9002 17.0799C13.9334 17.2466 13.9164 17.4194 13.8513 17.5765C13.7863 17.7335 13.6761 17.8677 13.5348 17.9621C13.3935 18.0566 13.2273 18.107 13.0574 18.107C12.8294 18.107 12.6109 18.0164 12.4497 17.8553C12.2885 17.6941 12.198 17.4755 12.198 17.2476Z\" fill=\"#2C2C2C\"><\/path>\n<path d=\"M37.9792 34.4351H34.5417V36.1538H37.9792V34.4351Z\" fill=\"#2C2C2C\"><\/path>\n<\/svg>","block_title":"Order Tracking","block_content":"Using order number or tracking number."}},"1653270743915723d6-2":{"type":"service","settings":{"icon_svg":"<svg width=\"56\" height=\"56\" viewbox=\"0 0 56 56\" fill=\"none\" xmlns=\"http:\/\/www.w3.org\/2000\/svg\">\n<path d=\"M52.7533 4.63313C50.6732 4.49793 45.4915 3.92593 42.3533 1.5322C41.5408 0.902679 40.4054 0.902679 39.5929 1.5322C36.453 3.92593 31.2729 4.49793 29.1929 4.63313C28.0202 4.70613 27.1049 5.67595 27.0999 6.85093V13.8484C27.1007 17.2342 27.8944 20.5728 29.4174 23.5967H7.16659C4.77454 23.5995 2.83612 25.538 2.83325 27.93V48.73C2.83612 51.122 4.77454 53.0605 7.16659 53.0633H43.5666C45.9586 53.0605 47.8971 51.122 47.8999 48.73V29.763C52.3076 25.6418 54.8166 19.8826 54.8333 13.8484V6.85093C54.8287 5.68064 53.9208 4.71266 52.7533 4.63313ZM46.1666 48.73C46.1666 50.1659 45.0025 51.33 43.5666 51.33H7.16659C5.73065 51.33 4.56659 50.1659 4.56659 48.73V27.93C4.56659 26.4941 5.73065 25.33 7.16659 25.33H30.3933C30.5276 25.5458 30.6533 25.7633 30.7945 25.9783C33.0908 29.3979 36.2974 32.1074 40.0523 33.8008C40.6353 34.0637 41.3031 34.0637 41.8861 33.8008C43.4054 33.1121 44.8414 32.2529 46.1666 31.2398V48.73ZM53.0999 13.8484C53.0711 21.7828 48.4058 28.9675 41.1694 32.2217C41.04 32.2794 40.8923 32.2794 40.7629 32.2217C37.3022 30.6613 34.3471 28.164 32.2315 25.0119C30.0123 21.7122 28.829 17.825 28.8333 13.8484V6.85093C28.8351 6.59184 29.0374 6.3785 29.2961 6.363C32.0772 6.18273 37.2477 5.49633 40.6364 2.9102C40.8302 2.75879 41.1021 2.75879 41.2959 2.9102C44.6855 5.4946 49.856 6.18273 52.6371 6.363C52.8958 6.3785 53.0981 6.59184 53.0999 6.85093V13.8484Z\" fill=\"#2C2C2C\"><\/path>\n<path d=\"M49.8882 8.82346C47.0683 8.48105 44.3335 7.63225 41.8152 6.31793C41.2891 6.01987 40.6452 6.01987 40.1192 6.31793C37.6007 7.63251 34.8655 8.48132 32.0453 8.82346C31.1971 8.94951 30.5686 9.67678 30.5668 10.5343V14.8485C30.563 18.48 31.643 22.0299 33.6686 25.044C35.3222 27.4989 37.5336 29.5273 40.1218 30.9633C40.6471 31.251 41.2829 31.251 41.8083 30.9633C47.6877 27.7295 51.348 21.5586 51.3667 14.8485V10.5343C51.3649 9.67678 50.7364 8.94951 49.8882 8.82346ZM49.6334 14.8485C49.6156 20.9298 46.2966 26.5217 40.9668 29.4501H40.9581C38.6101 28.1462 36.6042 26.3049 35.1046 24.0768C33.2723 21.3483 32.2958 18.1352 32.3001 14.8485L32.2906 10.536C35.3244 10.1721 38.2654 9.25316 40.9668 7.82506C43.6652 9.25152 46.6029 10.1698 49.6334 10.5343V14.8485Z\" fill=\"#2C2C2C\"><\/path>\n<path d=\"M9.76629 35.8635H13.233C14.6689 35.8635 15.833 34.6994 15.833 33.2635V31.5301C15.833 30.0942 14.6689 28.9301 13.233 28.9301H9.76629C8.33035 28.9301 7.16629 30.0942 7.16629 31.5301V33.2635C7.16629 34.6994 8.33035 35.8635 9.76629 35.8635ZM8.89963 31.5301C8.89963 31.0515 9.28765 30.6635 9.76629 30.6635H13.233C13.7116 30.6635 14.0996 31.0515 14.0996 31.5301V33.2635C14.0996 33.7421 13.7116 34.1301 13.233 34.1301H9.76629C9.28765 34.1301 8.89963 33.7421 8.89963 33.2635V31.5301Z\" fill=\"#2C2C2C\"><\/path>\n<path d=\"M8.03296 40.1968H11.4996C11.9783 40.1968 12.3663 39.8087 12.3663 39.3301C12.3663 38.8515 11.9783 38.4634 11.4996 38.4634H8.03296C7.55431 38.4634 7.16629 38.8515 7.16629 39.3301C7.16629 39.8087 7.55431 40.1968 8.03296 40.1968Z\" fill=\"#2C2C2C\"><\/path>\n<path d=\"M18.433 38.4634H14.9664C14.4877 38.4634 14.0997 38.8515 14.0997 39.3301C14.0997 39.8087 14.4877 40.1968 14.9664 40.1968H18.433C18.9117 40.1968 19.2997 39.8087 19.2997 39.3301C19.2997 38.8515 18.9117 38.4634 18.433 38.4634Z\" fill=\"#2C2C2C\"><\/path>\n<path d=\"M25.3664 38.4634H21.8998C21.4211 38.4634 21.0331 38.8515 21.0331 39.3301C21.0331 39.8087 21.4211 40.1968 21.8998 40.1968H25.3664C25.8451 40.1968 26.2331 39.8087 26.2331 39.3301C26.2331 38.8515 25.8451 38.4634 25.3664 38.4634Z\" fill=\"#2C2C2C\"><\/path>\n<path d=\"M32.2998 38.4634H28.8331C28.3545 38.4634 27.9665 38.8515 27.9665 39.3301C27.9665 39.8087 28.3545 40.1968 28.8331 40.1968H32.2998C32.7785 40.1968 33.1665 39.8087 33.1665 39.3301C33.1665 38.8515 32.7785 38.4634 32.2998 38.4634Z\" fill=\"#2C2C2C\"><\/path>\n<path d=\"M40.0999 39.3301C40.0999 38.8515 39.7118 38.4634 39.2332 38.4634H35.7665C35.2879 38.4634 34.8999 38.8515 34.8999 39.3301C34.8999 39.8087 35.2879 40.1968 35.7665 40.1968H39.2332C39.7118 40.1968 40.0999 39.8087 40.0999 39.3301Z\" fill=\"#2C2C2C\"><\/path>\n<path d=\"M14.1001 43.6633H11.5001C11.0215 43.6633 10.6334 44.0513 10.6334 44.5299C10.6334 45.0086 11.0215 45.3966 11.5001 45.3966H14.1001C14.5787 45.3966 14.9668 45.0086 14.9668 44.5299C14.9668 44.0513 14.5787 43.6633 14.1001 43.6633Z\" fill=\"#2C2C2C\"><\/path>\n<path d=\"M14.0996 47.13H8.03296C7.55431 47.13 7.16629 47.518 7.16629 47.9966C7.16629 48.4753 7.55431 48.8633 8.03296 48.8633H14.0996C14.5783 48.8633 14.9663 48.4753 14.9663 47.9966C14.9663 47.518 14.5783 47.13 14.0996 47.13Z\" fill=\"#2C2C2C\"><\/path>\n<path d=\"M38.3668 14.1966V15.0633C37.4095 15.0633 36.6334 15.8394 36.6334 16.7966V21.9966C36.6334 22.9539 37.4095 23.73 38.3668 23.73H43.5668C44.5241 23.73 45.3001 22.9539 45.3001 21.9966V16.7966C45.3001 15.8394 44.5241 15.0633 43.5668 15.0633V14.1966C43.5668 12.7607 42.4027 11.5966 40.9668 11.5966C39.5308 11.5966 38.3668 12.7607 38.3668 14.1966ZM40.1001 14.1966C40.1001 13.718 40.4881 13.33 40.9668 13.33C41.4454 13.33 41.8334 13.718 41.8334 14.1966V15.0633H40.1001V14.1966ZM43.5668 16.7966V21.9966H38.3668V16.7966H43.5668Z\" fill=\"#2C2C2C\"><\/path>\n<path d=\"M40.9664 20.2634C41.445 20.2634 41.833 19.8753 41.833 19.3967C41.833 18.918 41.445 18.53 40.9664 18.53C40.4877 18.53 40.0997 18.918 40.0997 19.3967C40.0997 19.8753 40.4877 20.2634 40.9664 20.2634Z\" fill=\"#2C2C2C\"><\/path>\n<path d=\"M41.8335 47.9966H37.5001C37.0215 47.9966 36.6334 48.3846 36.6334 48.8633C36.6334 49.3419 37.0215 49.7299 37.5001 49.7299H42.7001C43.1788 49.7299 43.5668 49.3419 43.5668 48.8633V44.5299C43.5668 44.0513 43.1788 43.6633 42.7001 43.6633C42.2215 43.6633 41.8335 44.0513 41.8335 44.5299V47.9966Z\" fill=\"#2C2C2C\"><\/path>\n<\/svg>","block_title":"Secure Payment","block_content":"Secure and manage your payments."}},"1653270743915723d6-3":{"type":"service","settings":{"icon_svg":"<svg width=\"56\" height=\"56\" viewbox=\"0 0 56 56\" fill=\"none\" xmlns=\"http:\/\/www.w3.org\/2000\/svg\">\n<g clip-path=\"url(#clip0_1196_1547)\">\n<path d=\"M36.2938 45.5786H7.37501C7.14294 45.5786 6.92038 45.4869 6.75629 45.3237C6.59219 45.1605 6.5 44.9391 6.5 44.7083V9.8934C6.5 9.66257 6.59219 9.44118 6.75629 9.27796C6.92038 9.11473 7.14294 9.02303 7.37501 9.02303H45.8751C46.1071 9.02303 46.3297 9.11473 46.4938 9.27796C46.6579 9.44118 46.7501 9.66257 46.7501 9.8934V27.4488C46.7501 27.6796 46.6579 27.901 46.4938 28.0642C46.3297 28.2275 46.1071 28.3192 45.8751 28.3192C45.643 28.3192 45.4204 28.2275 45.2563 28.0642C45.0923 27.901 45.0001 27.6796 45.0001 27.4488V10.7638H8.25001V43.8379H36.2938C36.5259 43.8379 36.7484 43.9296 36.9125 44.0928C37.0766 44.2561 37.1688 44.4774 37.1688 44.7083C37.1688 44.9391 37.0766 45.1605 36.9125 45.3237C36.7484 45.4869 36.5259 45.5786 36.2938 45.5786Z\" fill=\"#2C2C2C\"><\/path>\n<path d=\"M45.8751 10.7638H7.375C7.2125 10.7638 7.05322 10.7188 6.91499 10.6338C6.77676 10.5488 6.66505 10.4272 6.59238 10.2826C6.51971 10.1381 6.48894 9.97622 6.50354 9.81524C6.51813 9.65425 6.5775 9.50049 6.675 9.37118L11.925 2.40821C12.0065 2.30008 12.1122 2.21231 12.2337 2.15188C12.3552 2.09145 12.4892 2.06001 12.625 2.06006H40.625C40.7609 2.06001 40.8949 2.09145 41.0164 2.15188C41.1379 2.21231 41.2436 2.30008 41.3251 2.40821L46.5751 9.37118C46.6726 9.50049 46.7319 9.65425 46.7465 9.81524C46.7611 9.97622 46.7304 10.1381 46.6577 10.2826C46.585 10.4272 46.4733 10.5488 46.3351 10.6338C46.1968 10.7188 46.0376 10.7638 45.8751 10.7638ZM9.125 9.02303H44.1251L40.1875 3.8008H13.0625L9.125 9.02303Z\" fill=\"#2C2C2C\"><\/path>\n<path d=\"M31.875 21.2082C31.643 21.2082 31.4205 21.1165 31.2564 20.9532L30.125 19.8279L28.9937 20.9532C28.9124 21.0341 28.816 21.0982 28.7099 21.142C28.6037 21.1857 28.4899 21.2083 28.375 21.2083C28.2601 21.2083 28.1464 21.1857 28.0402 21.142C27.9341 21.0982 27.8376 21.0341 27.7564 20.9532L26.625 19.8279L25.4937 20.9532C25.4124 21.0341 25.316 21.0982 25.2099 21.142C25.1037 21.1857 24.9899 21.2083 24.875 21.2083C24.7601 21.2083 24.6463 21.1857 24.5402 21.142C24.434 21.0982 24.3376 21.0341 24.2564 20.9532L23.125 19.8279L21.9936 20.9532C21.8713 21.0749 21.7154 21.1578 21.5457 21.1913C21.376 21.2249 21.2001 21.2077 21.0402 21.1418C20.8803 21.0759 20.7437 20.9644 20.6475 20.8213C20.5514 20.6782 20.5001 20.51 20.5 20.3379V9.8934C20.5 9.66257 20.5922 9.44118 20.7563 9.27796C20.9204 9.11473 21.143 9.02303 21.375 9.02303H31.875C32.1071 9.02303 32.3297 9.11473 32.4938 9.27796C32.6579 9.44118 32.75 9.66257 32.75 9.8934V20.3379C32.75 20.5687 32.6579 20.7901 32.4938 20.9533C32.3297 21.1165 32.1071 21.2082 31.875 21.2082ZM26.625 17.7268C26.74 17.7266 26.8538 17.7491 26.9599 17.7928C27.0661 17.8366 27.1625 17.9008 27.2437 17.9818L28.375 19.1071L29.5064 17.9818C29.5876 17.9009 29.6841 17.8368 29.7902 17.793C29.8964 17.7492 30.0101 17.7267 30.125 17.7267C30.2399 17.7267 30.3537 17.7492 30.4599 17.793C30.566 17.8368 30.6624 17.9009 30.7437 17.9818L31 18.2367V10.7638H22.25V18.2367L22.5064 17.9818C22.5876 17.9009 22.684 17.8368 22.7902 17.793C22.8963 17.7492 23.0101 17.7267 23.125 17.7267C23.2399 17.7267 23.3537 17.7492 23.4599 17.793C23.566 17.8368 23.6624 17.9009 23.7437 17.9818L24.875 19.1071L26.0064 17.9818C26.0875 17.9008 26.184 17.8366 26.2901 17.7928C26.3963 17.7491 26.5101 17.7266 26.625 17.7268Z\" fill=\"#2C2C2C\"><\/path>\n<path d=\"M31.8749 10.7638H21.3749C21.242 10.7637 21.1108 10.7336 20.9913 10.6756C20.8719 10.6176 20.7673 10.5333 20.6854 10.4291C20.6036 10.3249 20.5468 10.2035 20.5192 10.0741C20.4916 9.94479 20.4939 9.81089 20.5261 9.6826L22.2761 2.71963C22.3234 2.53128 22.4326 2.36406 22.5864 2.24455C22.7402 2.12504 22.9297 2.0601 23.1249 2.06006H30.1249C30.32 2.0601 30.5096 2.12504 30.6634 2.24455C30.8172 2.36406 30.9264 2.53128 30.9736 2.71963L32.7236 9.6826C32.7558 9.81089 32.7582 9.94479 32.7306 10.0741C32.703 10.2035 32.6462 10.3249 32.5643 10.4291C32.4825 10.5333 32.3779 10.6176 32.2585 10.6756C32.139 10.7336 32.0078 10.7637 31.8749 10.7638ZM22.496 9.02303H30.7538L29.4413 3.8008H23.8085L22.496 9.02303Z\" fill=\"#2C2C2C\"><\/path>\n<path d=\"M44.125 49.0601C41.8752 49.0601 39.676 48.3965 37.8054 47.1532C35.9348 45.9099 34.4768 44.1427 33.6159 42.0752C32.7549 40.0077 32.5296 37.7327 32.9685 35.5378C33.4075 33.343 34.4908 31.3269 36.0816 29.7444C37.6725 28.162 39.6993 27.0844 41.9058 26.6478C44.1124 26.2112 46.3995 26.4353 48.478 27.2917C50.5565 28.1481 52.3331 29.5983 53.583 31.4591C54.8329 33.3198 55.5 35.5074 55.5 37.7452C55.4965 40.7451 54.297 43.621 52.1645 45.7422C50.032 47.8634 47.1408 49.0566 44.125 49.0601ZM44.125 28.1711C42.2213 28.1711 40.3604 28.7327 38.7776 29.7847C37.1948 30.8367 35.9611 32.332 35.2326 34.0814C34.5041 35.8308 34.3135 37.7559 34.6849 39.613C35.0563 41.4702 35.973 43.1762 37.3191 44.5151C38.6652 45.8541 40.3802 46.7659 42.2472 47.1354C44.1143 47.5048 46.0496 47.3152 47.8083 46.5905C49.5671 45.8659 51.0703 44.6388 52.1279 43.0643C53.1855 41.4899 53.75 39.6388 53.75 37.7452C53.7471 35.2069 52.7321 32.7734 50.9277 30.9785C49.1233 29.1836 46.6768 28.174 44.125 28.1711Z\" fill=\"#2C2C2C\"><\/path>\n<path d=\"M12.625 38.6157C12.3929 38.6157 12.1704 38.524 12.0063 38.3607C11.8422 38.1975 11.75 37.9761 11.75 37.7453V32.5231C11.75 32.2922 11.8422 32.0708 12.0063 31.9076C12.1704 31.7444 12.3929 31.6527 12.625 31.6527C12.8571 31.6527 13.0796 31.7444 13.2437 31.9076C13.4078 32.0708 13.5 32.2922 13.5 32.5231V37.7453C13.5 37.9761 13.4078 38.1975 13.2437 38.3607C13.0796 38.524 12.8571 38.6157 12.625 38.6157Z\" fill=\"#2C2C2C\"><\/path>\n<path d=\"M14.3747 35.1344C14.2598 35.1345 14.146 35.1121 14.0398 35.0683C13.9336 35.0245 13.8372 34.9603 13.7561 34.8794L12.6247 33.7541L11.4933 34.8794C11.3283 35.0379 11.1073 35.1256 10.8778 35.1237C10.6484 35.1217 10.429 35.0301 10.2667 34.8688C10.1045 34.7074 10.0125 34.4891 10.0105 34.2609C10.0085 34.0327 10.0967 33.8128 10.2561 33.6487L12.0063 31.9076C12.0875 31.8268 12.1837 31.7629 12.2899 31.7192C12.396 31.6754 12.5101 31.6527 12.625 31.6527C12.7399 31.6527 12.8534 31.6754 12.9595 31.7192C13.0657 31.7629 13.1625 31.8268 13.2437 31.9076L14.9933 33.6487C15.1157 33.7704 15.199 33.9255 15.2327 34.0943C15.2665 34.2631 15.2491 34.4381 15.1829 34.5971C15.1167 34.7561 15.0046 34.892 14.8607 34.9876C14.7169 35.0833 14.5477 35.1344 14.3747 35.1344Z\" fill=\"#2C2C2C\"><\/path>\n<path d=\"M19.625 38.6157C19.393 38.6157 19.1704 38.524 19.0063 38.3607C18.8422 38.1975 18.75 37.9761 18.75 37.7453V32.5231C18.75 32.2922 18.8422 32.0708 19.0063 31.9076C19.1704 31.7444 19.393 31.6527 19.625 31.6527C19.8571 31.6527 20.0796 31.7444 20.2437 31.9076C20.4078 32.0708 20.5 32.2922 20.5 32.5231V37.7453C20.5 37.9761 20.4078 38.1975 20.2437 38.3607C20.0796 38.524 19.8571 38.6157 19.625 38.6157Z\" fill=\"#2C2C2C\"><\/path>\n<path d=\"M21.3747 35.1344C21.2598 35.1345 21.146 35.1121 21.0398 35.0683C20.9336 35.0245 20.8372 34.9603 20.7561 34.8794L19.6247 33.7541L18.4933 34.8794C18.3283 35.0379 18.1073 35.1256 17.8778 35.1237C17.6484 35.1217 17.429 35.0301 17.2667 34.8688C17.1045 34.7074 17.0125 34.4891 17.0105 34.2609C17.0085 34.0327 17.0967 33.8128 17.2561 33.6487L19.0063 31.9076C19.0875 31.8268 19.1837 31.7629 19.2899 31.7192C19.396 31.6754 19.5101 31.6527 19.625 31.6527C19.7399 31.6527 19.8534 31.6754 19.9595 31.7192C20.0657 31.7629 20.1625 31.8268 20.2437 31.9076L21.9933 33.6487C22.1157 33.7704 22.199 33.9255 22.2327 34.0943C22.2665 34.2631 22.2491 34.4381 22.1829 34.5971C22.1167 34.7561 22.0046 34.892 21.8607 34.9876C21.7169 35.0833 21.5477 35.1344 21.3747 35.1344Z\" fill=\"#2C2C2C\"><\/path>\n<path d=\"M21.375 42.0972H10.875C10.6429 42.0972 10.4204 42.0055 10.2563 41.8422C10.0922 41.679 10 41.4576 10 41.2268C10 40.9959 10.0922 40.7746 10.2563 40.6113C10.4204 40.4481 10.6429 40.3564 10.875 40.3564H21.375C21.6071 40.3564 21.8297 40.4481 21.9937 40.6113C22.1578 40.7746 22.25 40.9959 22.25 41.2268C22.25 41.4576 22.1578 41.679 21.9937 41.8422C21.8297 42.0055 21.6071 42.0972 21.375 42.0972Z\" fill=\"#2C2C2C\"><\/path>\n<path d=\"M42.374 39.4859C42.185 39.486 42.0012 39.4249 41.8502 39.3118L38.3502 36.7007C38.2414 36.6198 38.153 36.5147 38.0922 36.3938C38.0313 36.2729 37.9996 36.1396 37.9996 36.0044C37.9996 35.8693 38.0313 35.7359 38.0922 35.6151C38.153 35.4942 38.2414 35.3891 38.3502 35.3081L41.8502 32.697C41.942 32.6264 42.047 32.5746 42.159 32.5446C42.2711 32.5147 42.3881 32.5072 42.5031 32.5227C42.6181 32.5382 42.7288 32.5762 42.8289 32.6347C42.929 32.6931 43.0164 32.7708 43.086 32.8631C43.1556 32.9555 43.206 33.0607 43.2344 33.1726C43.2627 33.2846 43.2684 33.401 43.2511 33.5151C43.2338 33.6293 43.1938 33.7388 43.1335 33.8375C43.0732 33.9361 42.9938 34.0218 42.8999 34.0896L40.3335 36.0044L42.8999 37.9193C43.0468 38.0289 43.1554 38.1818 43.2101 38.3562C43.2649 38.5307 43.263 38.7179 43.2048 38.8912C43.1466 39.0645 43.0351 39.2153 42.886 39.322C42.7368 39.4288 42.5577 39.4861 42.374 39.4859Z\" fill=\"#2C2C2C\"><\/path>\n<path d=\"M46.3126 42.9675H44.1251C43.893 42.9675 43.6704 42.8758 43.5063 42.7126C43.3422 42.5494 43.2501 42.328 43.2501 42.0972C43.2501 41.8663 43.3422 41.6449 43.5063 41.4817C43.6704 41.3185 43.893 41.2268 44.1251 41.2268H46.3126C46.8927 41.2268 47.4491 40.9975 47.8594 40.5895C48.2696 40.1814 48.5001 39.6279 48.5001 39.0509C48.5001 38.4738 48.2696 37.9203 47.8594 37.5122C47.4491 37.1042 46.8927 36.8749 46.3126 36.8749H38.875C38.643 36.8749 38.4204 36.7832 38.2563 36.62C38.0922 36.4568 37.9996 36.2353 37.9996 36.0044C37.9996 35.7736 38.0922 35.5523 38.2563 35.3891C38.4204 35.2259 38.643 35.1342 38.875 35.1342H46.3126C47.3568 35.1342 48.3584 35.5468 49.0968 36.2813C49.8352 37.0159 50.2501 38.0121 50.2501 39.0509C50.2501 40.0896 49.8352 41.0858 49.0968 41.8204C48.3584 42.5549 47.3568 42.9675 46.3126 42.9675Z\" fill=\"#2C2C2C\"><\/path>\n<\/g>\n<defs>\n<clippath id=\"clip0_1196_1547\">\n<rect width=\"55\" height=\"55\" fill=\"white\" transform=\"translate(0.5 0.0600586)\"><\/rect>\n<\/clippath>\n<\/defs>\n<\/svg>","block_title":"Easy Return","block_content":"30 - days free return policy."}}},"block_order":["1653270743915723d6-0","1653270743915723d6-1","1653270743915723d6-2","1653270743915723d6-3"],"settings":{"margin_top":"","margin_bottom":"","bg_section":"#fcf7f4"}},"1653533369f94f4eae":{"type":"section-contact","settings":{"title_contact":"Contact Me","content_contact":"Alienum phaedrum torquatos nec eu, vis detraxitssa periculiser ex, nihil expetendis in mei eis an<br> pericu la es aperiri consequat.","icon_svg_1":"<svg width=\"17\" height=\"17\" viewbox=\"0 0 17 17\" fill=\"none\" xmlns=\"http:\/\/www.w3.org\/2000\/svg\">\n<path fill-rule=\"evenodd\" clip-rule=\"evenodd\" d=\"M2 1.56006H13V4.89339H15V14.3541L11.7636 12.0869H4.71667V9.73452L2 11.6374V1.56006ZM4.71667 8.5136V4.89339H12V2.56006H3V9.71604L4.71667 8.5136ZM5.71667 11.0869V5.89339H14V12.4326L12.079 11.0869H5.71667Z\" fill=\"black\"><\/path>\n<\/svg>","block_title_1":"support@mycompany.com","icon_svg_2":"<svg width=\"17\" height=\"17\" viewbox=\"0 0 17 17\" fill=\"none\" xmlns=\"http:\/\/www.w3.org\/2000\/svg\">\n<path fill-rule=\"evenodd\" clip-rule=\"evenodd\" d=\"M4.01761 7.45785C5.54062 9.3193 7.24551 11.0242 9.10696 12.5472L9.58678 12.9398C10.4483 13.6447 11.7038 13.582 12.4909 12.7949L13.7307 11.5551L11.3737 9.1981L9.60589 10.9659L5.59187 6.95185L7.36553 5.18998L5.00969 2.83414L3.76987 4.07395C2.98277 4.86105 2.92016 6.11652 3.62503 6.97803L4.01761 7.45785ZM8.47372 13.3212C6.5608 11.756 4.80877 10.004 3.24365 8.09109L2.85107 7.61127C1.82087 6.35214 1.91239 4.51722 3.06277 3.36685L5.00969 1.41992L8.78211 5.19234L7.00845 6.95421L9.60589 9.55165L11.3737 7.78388L15.1449 11.5551L13.198 13.502C12.0476 14.6524 10.2127 14.7439 8.95354 13.7137L8.47372 13.3212Z\" fill=\"black\"><\/path>\n<\/svg>","block_title_2":"(+01) 234-567-89","icon_svg_3":"<svg width=\"17\" height=\"17\" viewbox=\"0 0 17 17\" fill=\"none\" xmlns=\"http:\/\/www.w3.org\/2000\/svg\">\n<path fill-rule=\"evenodd\" clip-rule=\"evenodd\" d=\"M4.92612 2H12.0739V5.10772H14.5601V12.2555H12.0739V14.1201H4.92612V12.2555H2.43994V5.10772H4.92612V2ZM4.92612 11.3232V8.83699H12.0739V11.3232H13.6277V6.04004H3.37226V11.3232H4.92612ZM11.1416 2.93232V5.10772H5.85844V2.93232H11.1416ZM5.85844 13.1878V9.76931H11.1416V13.1878H5.85844Z\" fill=\"black\"><\/path>\n<\/svg>","block_title_3":"+44 161 999 8888","margin_top":"","margin_bottom":""}}},"order":["ae937512-13e0-47d9-b14f-035e4e9813d1","165329258004faee6c","165329268090ea5e5a","165329276426623ce6","16532928199c1cec34","16532938680a913bd9","1653270743f017a684","1653533369f94f4eae"]}